Source,Target,Weight
ตลิ่งชัน,พระประแดง,1.0000000000000004
คันนายาว,เมืองสมุทรปราการ,1.0000000000000002
จตุจักร,เมืองสมุทรปราการ,1.0000000000000002
บางคอแหลม,บางพลี,1.0000000000000002
จตุจักร,บางกรวย,1.0000000000000002
บางรัก,เมืองสมุทรปราการ,1.0000000000000002
ประเวศ,พระประแดง,1.0000000000000002
ปากเกร็ด,สวนหลวง,1.0000000000000002
บางกอกใหญ่,พระประแดง,1.0
พระประแดง,วัฒนา,1.0
บางพลี,ราชเทวี,1.0
บางกรวย,วัฒนา,1.0
บางแค,เมืองสมุทรปราการ,1.0
ธนบุรี,เมืองสมุทรปราการ,1.0
พระประแดง,ลาดพร้าว,1.0
หลักสี่,เมืองสมุทรปราการ,0.9999999999999998
บางพลี,พญาไท,0.9999999999999994
บึงกุ่ม,มีนบุรี,0.9856134672293038
บางนา,สวนหลวง,0.9800435949591941
ดินแดง,บางขุนเทียน,0.9710904287169356
สวนหลวง,ห้วยขวาง,0.9683832143535096
จอมทอง,บางพลัด,0.9676578534606041
คันนายาว,วังทองหลาง,0.9648089481775561
ทุ่งครุ,สะพานสูง,0.9632138504798256
บางพลัด,ประเวศ,0.962194249080435
บางซื่อ,ยานนาวา,0.9589229523387987
บางกะปิ,วังทองหลาง,0.9579787809637372
ดอนเมือง,หลักสี่,0.9570807414143403
บางเขน,วัฒนา,0.9568976752577241
พระโขนง,สาทร,0.956746615067192
บางพลัด,ปทุมวัน,0.9543183450027103
คลองสามวา,บางพลัด,0.9540669965020705
ดอนเมือง,บางนา,0.953949752545094
บางบอน,บางรัก,0.9531011564041394
บางซื่อ,บางนา,0.9527601773991092
บางกรวย,ราษฎร์บูรณะ,0.9526176865080672
จอมทอง,บางนา,0.9521337750590926
ภาษีเจริญ,ยานนาวา,0.9510084196636213
บางซื่อ,วัฒนา,0.9492647289824189
บางรัก,ราชเทวี,0.9489182672531742
บางกอกน้อย,บางนา,0.9487194408528032
บางนา,ภาษีเจริญ,0.9480743472042844
ภาษีเจริญ,หลักสี่,0.9475475721205076
บางรัก,พระโขนง,0.9464958166379376
พระโขนง,ลาดพร้าว,0.9450517662706561
ทุ่งครุ,วังทองหลาง,0.9442901440805007
บางรัก,ลาดกระบัง,0.9433618052649236
คลองสามวา,มีนบุรี,0.9426213498452732
จตุจักร,ทุ่งครุ,0.9414753841524143
บางพลัด,สวนหลวง,0.9413094162097553
คลองสามวา,หลักสี่,0.9410071461158206
วังทองหลาง,ห้วยขวาง,0.9407243478762431
ยานนาวา,สวนหลวง,0.9398937948500902
คันนายาว,พญาไท,0.9382895398712071
ลาดกระบัง,วังทองหลาง,0.9379574379238971
บางรัก,วัฒนา,0.9370895747693991
ทุ่งครุ,บางบอน,0.9370469322933764
บึงกุ่ม,ห้วยขวาง,0.9366952083136763
ลาดพร้าว,หลักสี่,0.9360711453376804
บางนา,ลาดพร้าว,0.9352478693642235
คลองสามวา,วัฒนา,0.934855247814777
จตุจักร,ปทุมวัน,0.9339675547179315
บางนา,ปทุมวัน,0.932891412006893
บางแค,ลาดพร้าว,0.9328663925111785
ทุ่งครุ,ห้วยขวาง,0.9327721155629651
คลองเตย,ภาษีเจริญ,0.9319812170341178
ปทุมวัน,ยานนาวา,0.9315881057298339
คลองสามวา,ยานนาวา,0.9304502624846618
บางนา,ห้วยขวาง,0.9302512532230925
คลองสาน,บางพลัด,0.9293637904812073
จตุจักร,พระโขนง,0.9275639589906554
บางรัก,ภาษีเจริญ,0.9273086738035605
บางคอแหลม,วัฒนา,0.9271930140821795
สะพานสูง,หลักสี่,0.9269251236008852
มีนบุรี,หนองแขม,0.9266898833722081
พญาไท,สะพานสูง,0.9266397849426313
บางนา,ประเวศ,0.926388095621445
สาทร,ห้วยขวาง,0.9251470559611992
บึงกุ่ม,ยานนาวา,0.9245143681564015
ทุ่งครุ,บางเขน,0.9243631118022364
จอมทอง,ปทุมวัน,0.9242886423671947
บางนา,สาทร,0.9240062928660638
ภาษีเจริญ,สาทร,0.9236572961754049
คลองสาน,บางกอกน้อย,0.9236083477704065
ธนบุรี,บางคอแหลม,0.9235523012759924
จตุจักร,ยานนาวา,0.9214181192086034
บางนา,พญาไท,0.9205874854960943
คลองสามวา,สวนหลวง,0.9201722285434721
บางกอกใหญ่,ยานนาวา,0.918788235825418
บางนา,ราชเทวี,0.9185660569999633
บางนา,ยานนาวา,0.9183393815102843
จตุจักร,สวนหลวง,0.9179362724254596
ดอนเมือง,ธนบุรี,0.9171051484594201
คันนายาว,ธนบุรี,0.91596506943541
พระโขนง,ราชเทวี,0.9149083980662888
บางนา,หลักสี่,0.9143462595216577
ลาดพร้าว,วังทองหลาง,0.9142812100196356
บางกอกใหญ่,บางนา,0.9139810890224769
บางพลัด,มีนบุรี,0.9123191971590834
บางนา,สะพานสูง,0.911930801161059
บางรัก,บางแค,0.9118308636208059
สะพานสูง,ห้วยขวาง,0.911767376209063
พญาไท,ภาษีเจริญ,0.9117122644224681
บางนา,วังทองหลาง,0.9114798818880095
บึงกุ่ม,วัฒนา,0.9111951669087928
ทุ่งครุ,พระนคร,0.910207003938093
ทุ่งครุ,สวนหลวง,0.9094117080648108
บางกะปิ,บึงกุ่ม,0.9074190249599896
คลองสามวา,บางนา,0.9073881770176411
คลองเตย,สายไหม,0.9072851158461274
คลองเตย,บางรัก,0.9067506623853816
บางนา,ลาดกระบัง,0.9056173583446546
บางพลัด,วัฒนา,0.9046794210809556
มีนบุรี,หลักสี่,0.9038251872511496
คลองเตย,บางนา,0.9028215759762377
บางกอกน้อย,ห้วยขวาง,0.9025281478334133
มีนบุรี,ลาดพร้าว,0.9020342328199928
มีนบุรี,สวนหลวง,0.9019165094549167
